"rgn_id","pressure_score"
4,0.503129
8,0.503129
3,0.503129
5,0.503129
11,0.503129
1,0.503129
10,0.503129
7,0.503129
2,0.503129
6,0.503129
9,0.503129
