"rgn_id","value"
1,0.0332416853571429
2,0.0332416853571429
3,0.0332416853571429
4,0.0332416853571429
5,0.0332416853571429
6,0.0332416853571429
7,0.0332416853571429
8,0.0332416853571429
9,0.0332416853571429
10,0.0332416853571429
11,0.0332416853571429
